Workbook

Sheet ⚙️ BEÁLLÍTÁSOK
A1: ⚙️ SIROTECH – BEÁLLÍTÁSOK | Kék cellák szabadon módosíthatók
A2: Minden ár nettó Ft. Az összes lap innen számol – csak itt kell módosítani.
A4: REZSI ÉS OVERHEAD KALKULÁCIÓ (bérköltség + fix rezsi fedezete)
A5: Az overhead szorzó azt fejezi ki, hogy a ténylegesen helyszínen dolgozó órákra mekkora fedezetet kell termelni a háttérben dolgozók bérére és a cég fix költségeire. Pl. 1,45 = 45% rezsi a munkadíjra rakva.
A6: Overhead / rezsi szorzó (alapértelmezett) | B6: 1.85 | C6: pl. 1,45 = 45% rezsi felár a termelő munkára
A7: Fix havi rezsiköltség (Ft) – tájékoztató | B7: 1450000 | C7: bérek + iroda + szoftverek + járművek
A8: Havi termelő munkaórák száma (cégszinten) | B8: 780 | C8: termelő munka összesen / hó
A9: Számított rezsi / óra | B9: =B7/B8 -> 1858.9744 | C9: fix rezsi / termelő óra (tájékoztató)
A11: BELSŐ ÓRADÍJAK – HELYSZÍNEN DOLGOZÓ MUNKAVÁLLALÓI COST (Ft/óra)
A12: Ez a tényleges bérköltség + járulékok / óra. Soha nem kommunikálod kifelé. Az ajánlati ár = belső óradíj × overhead × ügyfél szorzó.
A13: IT – üzemeltetés, hálózat, helpdesk | B13: 6200 | C13: munkavállalói bérköltség/óra
A14: IT – szoftver, fejlesztés, architektúra | B14: 9500
A15: Biztonságtechnika – szerelő | B15: 6800
A16: Biztonságtechnika – tervező, PM | B16: 7500
A17: Tűzvédelem – szerelő | B17: 6200
A18: Tűzvédelem – tervező, dokumentáló | B18: 8200
A19: Villanyszerelő – általános | B19: 6000
A20: Villanyszerelő – ipari / EV töltő | B20: 7000
A21: Projektmenedzsment, koordináció | B21: 8500
A22: Tanácsadás, audit, tréning | B22: 11500
A24: KALKULÁLT AJÁNLATI ÓRADÍJAK (belső cost × overhead szorzó) → ez az alap lista óradíj
A25: Ezeket használja az Árazási Mátrix és az Alvállalkozói lap kiindulópontként. Ügyfél szorzó még erre jön rá.
A26: IT – üzemeltetés, hálózat, helpdesk | B26: =B13*B6 -> 11470 | C26: ← belső cost × overhead
A27: IT – szoftver, fejlesztés, architektúra | B27: =B14*B6 -> 17575 | C27: ← belső cost × overhead
A28: Biztonságtechnika – szerelő | B28: =B15*B6 -> 12580 | C28: ← belső cost × overhead
A29: Biztonságtechnika – tervező, PM | B29: =B16*B6 -> 13875 | C29: ← belső cost × overhead
A30: Tűzvédelem – szerelő | B30: =B17*B6 -> 11470 | C30: ← belső cost × overhead
A31: Tűzvédelem – tervező, dokumentáló | B31: =B18*B6 -> 15170 | C31: ← belső cost × overhead
A32: Villanyszerelő – általános | B32: =B19*B6 -> 11100 | C32: ← belső cost × overhead
A33: Villanyszerelő – ipari / EV töltő | B33: =B20*B6 -> 12950 | C33: ← belső cost × overhead
A34: Projektmenedzsment, koordináció | B34: =B21*B6 -> 15725 | C34: ← belső cost × overhead
A35: Tanácsadás, audit, tréning | B35: =B22*B6 -> 21275 | C35: ← belső cost × overhead
A37: ÜGYFÉL KATEGÓRIA SZORZÓK (az alap kalkulált listaárra kerül rá)
A38: A kalkulált óradíj × ügyfél szorzó = végleges ajánlati ár. Az 1 éves KKV a referenciapont (×1,00).
A39: Magánszemély (B2C) | B39: 1 | C39: alap listaár
A40: KKV – eseti, nincs keretszerz. | B40: 1.15 | C40: rugalmassági felár a kiszámíthatatlanság miatt
A41: KKV – keretszerz. 6 hónap | B41: 1.08
A42: KKV – keretszerz. 1 év (REFERENCIA) | B42: 1 | C42: ← minden más ehhez képest értendő
A43: KKV – keretszerz. 2 év | B43: 0.93
A44: Nagyvállalat / intézmény (eseti) | B44: 1.25 | C44: hosszú döntési ciklus, admin kompenzáció
A45: Nagyvállalat – keretszerz. 1 év | B45: 1.1
A46: Alvállalkozói szerep – napibéres (bent vagyok) | B46: 0.85 | C46: fix jelenléti díj, kapacitáslekötés kompenzálva
A47: Projekt megbízott / külső PM | B47: 1.15 | C47: szellemi munka, felelősség felár
A49: ANYAGKÖLTSÉG KEZELÉSI PÓTLÉK (az anyagár %-a)
A50: Eseti munka | B50: 0.2 | C50: anyagköltség × pótlék = kezelési díj
A51: Keretszerz. ügyfél (6 hó / 1 év) | B51: 0.14 | C51: anyagköltség × pótlék = kezelési díj
A52: Nagyvállalat / prémium | B52: 0.1 | C52: anyagköltség × pótlék = kezelési díj
A53: Alvállalkozói munka | B53: 0.07 | C53: anyagköltség × pótlék = kezelési díj
A55: SÜRGŐSSÉGI / KÜLÖNLEGES SZORZÓK (az ajánlati áron felül)
A56: Soron kívüli (munkaidőn belül, aznap) | B56: 1.3
A57: Munkaidőn túl (este, reggel korai) | B57: 1.6
A58: Hétvége / ünnepnap | B58: 1.85
A59: Éjszakai kiszállás | B59: 2.2
A61: ÁFA ÉS EGYÉB
A62: Magyar ÁFA kulcs | B62: 0.27 | C62: 27% – módosítható
A63: Minimális kiszállási díj (Ft) | B63: 15000 | C63: kiszállás + 1 óra minimum
A64: Minimális projekt díj (Ft) | B64: 40000 | C64: legkisebb számlázható projekt összeg

Sheet 📋 ÁRAZÁSI MÁTRIX
A1: 📋 SIROTECH – TELJES ÁRAZÁSI MÁTRIX | Nettó Ft + 27% ÁFA | Anyagköltség minden esetben külön
A2: Kék cella = belső alap ár (módosítható) │ Zöld szöveg = automatikus formula │ Ahol 'egyedi' áll → Kalkulátor lapon számold │ Overhead beépítve a Beállítások lapon
B3: Szolgáltatás / Tétel | C3: Egység | D3: Belső alap ár (Ft) | E3: Magán- személy | F3: KKV eseti | G3: KKV 6 hónap | H3: KKV 1 év (ALAP) | I3: KKV 2 év | J3: Nagyvállalat / int. | K3: Megjegyzés
B4: Szorzók → | D4: belső alap | E4: ='⚙️ BEÁLLÍTÁSOK'!B39 -> 1 | F4: ='⚙️ BEÁLLÍTÁSOK'!B40 -> 1.15 | G4: ='⚙️ BEÁLLÍTÁSOK'!B41 -> 1.08 | H4: ='⚙️ BEÁLLÍTÁSOK'!B42 -> 1 | I4: ='⚙️ BEÁLLÍTÁSOK'!B43 -> 0.93 | J4: ='⚙️ BEÁLLÍTÁSOK'!B44 -> 1.25
A5: 🖥️ IT RENDSZERÜZEMELTETÉS – MSP havidíjas csomagok
A6: Csomagban: távfelügyelet, vírusvédelem, frissítések, havi állapotjelentés, email+tel. support (munkaidőben), dedikált kapcsolattartó, dokumentált beavatkozások.
B7: Mikro csomag – 1–3 munkaállomás, csak remote | C7: hó | D7: 24000 | E7: =ROUND(D7*'⚙️ BEÁLLÍTÁSOK'!B39/100,0)*100 -> 24000 | F7: =ROUND(D7*'⚙️ BEÁLLÍTÁSOK'!B40/100,0)*100 -> 27600 | G7: =ROUND(D7*'⚙️ BEÁLLÍTÁSOK'!B41/100,0)*100 -> 25900 | H7: =ROUND(D7*'⚙️ BEÁLLÍTÁSOK'!B42/100,0)*100 -> 24000 | I7: =ROUND(D7*'⚙️ BEÁLLÍTÁSOK'!B43/100,0)*100 -> 22300 | J7: =ROUND(D7*'⚙️ BEÁLLÍTÁSOK'!B44/100,0)*100 -> 30000 | K7: Ideális 1-3 fős irodának
B8: Alap csomag – 4–8 gép, csak remote | C8: hó | D8: 52000 | E8: =ROUND(D8*'⚙️ BEÁLLÍTÁSOK'!B39/100,0)*100 -> 52000 | F8: =ROUND(D8*'⚙️ BEÁLLÍTÁSOK'!B40/100,0)*100 -> 59800 | G8: =ROUND(D8*'⚙️ BEÁLLÍTÁSOK'!B41/100,0)*100 -> 56200 | H8: =ROUND(D8*'⚙️ BEÁLLÍTÁSOK'!B42/100,0)*100 -> 52000 | I8: =ROUND(D8*'⚙️ BEÁLLÍTÁSOK'!B43/100,0)*100 -> 48400 | J8: =ROUND(D8*'⚙️ BEÁLLÍTÁSOK'!B44/100,0)*100 -> 65000
B9: Kis csomag – 9–15 gép, remote + havi 1 kiszállás | C9: hó | D9: 98000 | E9: =ROUND(D9*'⚙️ BEÁLLÍTÁSOK'!B39/100,0)*100 -> 98000 | F9: =ROUND(D9*'⚙️ BEÁLLÍTÁSOK'!B40/100,0)*100 -> 112700 | G9: =ROUND(D9*'⚙️ BEÁLLÍTÁSOK'!B41/100,0)*100 -> 105800 | H9: =ROUND(D9*'⚙️ BEÁLLÍTÁSOK'!B42/100,0)*100 -> 98000 | I9: =ROUND(D9*'⚙️ BEÁLLÍTÁSOK'!B43/100,0)*100 -> 91100 | J9: =ROUND(D9*'⚙️ BEÁLLÍTÁSOK'!B44/100,0)*100 -> 122500
B10: Közép csomag – 16–30 gép, havi 2 kiszállás | C10: hó | D10: 175000 | E10: =ROUND(D10*'⚙️ BEÁLLÍTÁSOK'!B39/100,0)*100 -> 175000 | F10: =ROUND(D10*'⚙️ BEÁLLÍTÁSOK'!B40/100,0)*100 -> 201200 | G10: =ROUND(D10*'⚙️ BEÁLLÍTÁSOK'!B41/100,0)*100 -> 189000 | H10: =ROUND(D10*'⚙️ BEÁLLÍTÁSOK'!B42/100,0)*100 -> 175000 | I10: =ROUND(D10*'⚙️ BEÁLLÍTÁSOK'!B43/100,0)*100 -> 162800 | J10: =ROUND(D10*'⚙️ BEÁLLÍTÁSOK'!B44/100,0)*100 -> 218800
B11: Nagy csomag – 30+ gép, egyedi SLA | C11: hó | D11: egyedi | E11: – | F11: – | G11: – | H11: – | I11: – | J11: – | K11: Egyedi árajánlat
B12: Szerverszoba pótdíj (havidíj) | C12: hó | D12: 25000 | E12: =ROUND(D12*'⚙️ BEÁLLÍTÁSOK'!B39/100,0)*100 -> 25000 | F12: =ROUND(D12*'⚙️ BEÁLLÍTÁSOK'!B40/100,0)*100 -> 28700 | G12: =ROUND(D12*'⚙️ BEÁLLÍTÁSOK'!B41/100,0)*100 -> 27000 | H12: =ROUND(D12*'⚙️ BEÁLLÍTÁSOK'!B42/100,0)*100 -> 25000 | I12: =ROUND(D12*'⚙️ BEÁLLÍTÁSOK'!B43/100,0)*100 -> 23300 | J12: =ROUND(D12*'⚙️ BEÁLLÍTÁSOK'!B44/100,0)*100 -> 31300 | K12: Rack, UPS, hőmérséklet monitorozás
B13: Kiszállási alap díj (min. egység) | C13: alkalom | D13: 15000 | E13: =ROUND(D13*'⚙️ BEÁLLÍTÁSOK'!B39/100,0)*100 -> 15000 | F13: =ROUND(D13*'⚙️ BEÁLLÍTÁSOK'!B40/100,0)*100 -> 17300 | G13: =ROUND(D13*'⚙️ BEÁLLÍTÁSOK'!B41/100,0)*100 -> 16200 | H13: =ROUND(D13*'⚙️ BEÁLLÍTÁSOK'!B42/100,0)*100 -> 15000 | I13: =ROUND(D13*'⚙️ BEÁLLÍTÁSOK'!B43/100,0)*100 -> 14000 | J13: =ROUND(D13*'⚙️ BEÁLLÍTÁSOK'!B44/100,0)*100 -> 18800 | K13: Kiszállás + 1 óra munkadíj
B14: Rendkívüli kiszállás (munkaidőn túl) | C14: alkalom | D14: 24000 | E14: =ROUND(D14*'⚙️ BEÁLLÍTÁSOK'!B39/100,0)*100 -> 24000 | F14: =ROUND(D14*'⚙️ BEÁLLÍTÁSOK'!B40/100,0)*100 -> 27600 | G14: =ROUND(D14*'⚙️ BEÁLLÍTÁSOK'!B41/100,0)*100 -> 25900 | H14: =ROUND(D14*'⚙️ BEÁLLÍTÁSOK'!B42/100,0)*100 -> 24000 | I14: =ROUND(D14*'⚙️ BEÁLLÍTÁSOK'!B43/100,0)*100 -> 22300 | J14: =ROUND(D14*'⚙️ BEÁLLÍTÁSOK'!B44/100,0)*100 -> 30000 | K14: Sürgősségi szorzó alapján
A15: ▸ OPERÁCIÓS RENDSZER ÉS SZOFTVER
B16: Windows frissítések kezelése és tesztelése | C16: gép/hó | D16: 1200 | E16: =ROUND(D16*'⚙️ BEÁLLÍTÁSOK'!B39/100,0)*100 -> 1200 | F16: =ROUND(D16*'⚙️ BEÁLLÍTÁSOK'!B40/100,0)*100 -> 1400 | G16: =ROUND(D16*'⚙️ BEÁLLÍTÁSOK'!B41/100,0)*100 -> 1300 | H16: =ROUND(D16*'⚙️ BEÁLLÍTÁSOK'!B42/100,0)*100 -> 1200 | I16: =ROUND(D16*'⚙️ BEÁLLÍTÁSOK'!B43/100,0)*100 -> 1100 | J16: =ROUND(D16*'⚙️ BEÁLLÍTÁSOK'!B44/100,0)*100 -> 1500 | K16: MSP csomagba beleszámítható
B17: Windows aktiválás, licenckezelés | C17: db | D17: 6000 | E17: =ROUND(D17*'⚙️ BEÁLLÍTÁSOK'!B39/100,0)*100 -> 6000 | F17: =ROUND(D17*'⚙️ BEÁLLÍTÁSOK'!B40/100,0)*100 -> 6900 | G17: =ROUND(D17*'⚙️ BEÁLLÍTÁSOK'!B41/100,0)*100 -> 6500 | H17: =ROUND(D17*'⚙️ BEÁLLÍTÁSOK'!B42/100,0)*100 -> 6000 | I17: =ROUND(D17*'⚙️ BEÁLLÍTÁSOK'!B43/100,0)*100 -> 5600 | J17: =ROUND(D17*'⚙️ BEÁLLÍTÁSOK'!B44/100,0)*100 -> 7500
B18: Windows frissítés letiltása / ütemezése (gyárban) | C18: gép | D18: 5000 | E18: =ROUND(D18*'⚙️ BEÁLLÍTÁSOK'!B39/100,0)*100 -> 5000 | F18: =ROUND(D18*'⚙️ BEÁLLÍTÁSOK'!B40/100,0)*100 -> 5800 | G18: =ROUND(D18*'⚙️ BEÁLLÍTÁSOK'!B41/100,0)*100 -> 5400 | H18: =ROUND(D18*'⚙️ BEÁLLÍTÁSOK'!B42/100,0)*100 -> 5000 | I18: =ROUND(D18*'⚙️ BEÁLLÍTÁSOK'!B43/100,0)*100 -> 4700 | J18: =ROUND(D18*'⚙️ BEÁLLÍTÁSOK'!B44/100,0)*100 -> 6300
B19: Office telepítés és aktiválás (M365 vagy standalone) | C19: gép | D19: 5500 | E19: =ROUND(D19*'⚙️ BEÁLLÍTÁSOK'!B39/100,0)*100 -> 5500 | F19: =ROUND(D19*'⚙️ BEÁLLÍTÁSOK'!B40/100,0)*100 -> 6300 | G19: =ROUND(D19*'⚙️ BEÁLLÍTÁSOK'!B41/100,0)*100 -> 5900 | H19: =ROUND(D19*'⚙️ BEÁLLÍTÁSOK'!B42/100,0)*100 -> 5500 | I19: =ROUND(D19*'⚙️ BEÁLLÍTÁSOK'!B43/100,0)*100 -> 5100 | J19: =ROUND(D19*'⚙️ BEÁLLÍTÁSOK'!B44/100,0)*100 -> 6900
B20: M365 / Google Workspace adminisztráció | C20: óra | D20: egyedi | E20: – | F20: – | G20: – | H20: – | I20: – | J20: – | K20: → IT óradíj alapján (Kalkulátor)
B21: Meghajtók, jogosultságok, mappastruktúra kialakítása | C21: projekt | D21: 26000 | E21: =ROUND(D21*'⚙️ BEÁLLÍTÁSOK'!B39/100,0)*100 -> 26000 | F21: =ROUND(D21*'⚙️ BEÁLLÍTÁSOK'!B40/100,0)*100 -> 29900 | G21: =ROUND(D21*'⚙️ BEÁLLÍTÁSOK'!B41/100,0)*100 -> 28100 | H21: =ROUND(D21*'⚙️ BEÁLLÍTÁSOK'!B42/100,0)*100 -> 26000 | I21: =ROUND(D21*'⚙️ BEÁLLÍTÁSOK'!B43/100,0)*100 -> 24200 | J21: =ROUND(D21*'⚙️ BEÁLLÍTÁSOK'!B44/100,0)*100 -> 32500
B22: Felhasználói fiókok kezelése (létrehozás/törlés/jelszó) | C22: db | D22: 3500 | E22: =ROUND(D22*'⚙️ BEÁLLÍTÁSOK'!B39/100,0)*100 -> 3500 | F22: =ROUND(D22*'⚙️ BEÁLLÍTÁSOK'!B40/100,0)*100 -> 4000 | G22: =ROUND(D22*'⚙️ BEÁLLÍTÁSOK'!B41/100,0)*100 -> 3800 | H22: =ROUND(D22*'⚙️ BEÁLLÍTÁSOK'!B42/100,0)*100 -> 3500 | I22: =ROUND(D22*'⚙️ BEÁLLÍTÁSOK'!B43/100,0)*100 -> 3300 | J22: =ROUND(D22*'⚙️ BEÁLLÍTÁSOK'!B44/100,0)*100 -> 4400
B23: Szoftver telepítés / eltávolítás | C23: db | D23: 3000 | E23: =ROUND(D23*'⚙️ BEÁLLÍTÁSOK'!B39/100,0)*100 -> 3000 | F23: =ROUND(D23*'⚙️ BEÁLLÍTÁSOK'!B40/100,0)*100 -> 3400 | G23: =ROUND(D23*'⚙️ BEÁLLÍTÁSOK'!B41/100,0)*100 -> 3200 | H23: =ROUND(D23*'⚙️ BEÁLLÍTÁSOK'!B42/100,0)*100 -> 3000 | I23: =ROUND(D23*'⚙️ BEÁLLÍTÁSOK'!B43/100,0)*100 -> 2800 | J23: =ROUND(D23*'⚙️ BEÁLLÍTÁSOK'!B44/100,0)*100 -> 3800
B24: Nyomtatók hálózati megosztása, konfigurálása | C24: db | D24: 7500 | E24: =ROUND(D24*'⚙️ BEÁLLÍTÁSOK'!B39/100,0)*100 -> 7500 | F24: =ROUND(D24*'⚙️ BEÁLLÍTÁSOK'!B40/100,0)*100 -> 8600 | G24: =ROUND(D24*'⚙️ BEÁLLÍTÁSOK'!B41/100,0)*100 -> 8100 | H24: =ROUND(D24*'⚙️ BEÁLLÍTÁSOK'!B42/100,0)*100 -> 7500 | I24: =ROUND(D24*'⚙️ BEÁLLÍTÁSOK'!B43/100,0)*100 -> 7000 | J24: =ROUND(D24*'⚙️ BEÁLLÍTÁSOK'!B44/100,0)*100 -> 9400
B25: E-mail konfiguráció (Outlook, Thunderbird, mobilon) | C25: fiók | D25: 5000 | E25: =ROUND(D25*'⚙️ BEÁLLÍTÁSOK'!B39/100,0)*100 -> 5000 | F25: =ROUND(D25*'⚙️ BEÁLLÍTÁSOK'!B40/100,0)*100 -> 5800 | G25: =ROUND(D25*'⚙️ BEÁLLÍTÁSOK'!B41/100,0)*100 -> 5400 | H25: =ROUND(D25*'⚙️ BEÁLLÍTÁSOK'!B42/100,0)*100 -> 5000 | I25: =ROUND(D25*'⚙️ BEÁLLÍTÁSOK'!B43/100,0)*100 -> 4700 | J25: =ROUND(D25*'⚙️ BEÁLLÍTÁSOK'!B44/100,0)*100 -> 6300
B26: Startup optimalizálás (lassú boot) | C26: gép | D26: 6500 | E26: =ROUND(D26*'⚙️ BEÁLLÍTÁSOK'!B39/100,0)*100 -> 6500 | F26: =ROUND(D26*'⚙️ BEÁLLÍTÁSOK'!B40/100,0)*100 -> 7500 | G26: =ROUND(D26*'⚙️ BEÁLLÍTÁSOK'!B41/100,0)*100 -> 7000 | H26: =ROUND(D26*'⚙️ BEÁLLÍTÁSOK'!B42/100,0)*100 -> 6500 | I26: =ROUND(D26*'⚙️ BEÁLLÍTÁSOK'!B43/100,0)*100 -> 6000 | J26: =ROUND(D26*'⚙️ BEÁLLÍTÁSOK'!B44/100,0)*100 -> 8100
B27: Lemez tisztítás, SSD optimalizálás | C27: gép | D27: 5000 | E27: =ROUND(D27*'⚙️ BEÁLLÍTÁSOK'!B39/100,0)*100 -> 5000 | F27: =ROUND(D27*'⚙️ BEÁLLÍTÁSOK'!B40/100,0)*100 -> 5800 | G27: =ROUND(D27*'⚙️ BEÁLLÍTÁSOK'!B41/100,0)*100 -> 5400 | H27: =ROUND(D27*'⚙️ BEÁLLÍTÁSOK'!B42/100,0)*100 -> 5000 | I27: =ROUND(D27*'⚙️ BEÁLLÍTÁSOK'!B43/100,0)*100 -> 4700 | J27: =ROUND(D27*'⚙️ BEÁLLÍTÁSOK'!B44/100,0)*100 -> 6300
A28: ▸ BIZTONSÁG ÉS VÉDELEM
B29: Vírusvédelem telepítés és konfiguráció | C29: gép | D29: 7000 | E29: =ROUND(D29*'⚙️ BEÁLLÍTÁSOK'!B39/100,0)*100 -> 7000 | F29: =ROUND(D29*'⚙️ BEÁLLÍTÁSOK'!B40/100,0)*100 -> 8000 | G29: =ROUND(D29*'⚙️ BEÁLLÍTÁSOK'!B41/100,0)*100 -> 7600 | H29: =ROUND(D29*'⚙️ BEÁLLÍTÁSOK'!B42/100,0)*100 -> 7000 | I29: =ROUND(D29*'⚙️ BEÁLLÍTÁSOK'!B43/100,0)*100 -> 6500 | J29: =ROUND(D29*'⚙️ BEÁLLÍTÁSOK'!B44/100,0)*100 -> 8800
B30: Szoftvertűzfal konfiguráció, szabályok | C30: rendszer | D30: 13000 | E30: =ROUND(D30*'⚙️ BEÁLLÍTÁSOK'!B39/100,0)*100 -> 13000 | F30: =ROUND(D30*'⚙️ BEÁLLÍTÁSOK'!B40/100,0)*100 -> 14900 | G30: =ROUND(D30*'⚙️ BEÁLLÍTÁSOK'!B41/100,0)*100 -> 14000 | H30: =ROUND(D30*'⚙️ BEÁLLÍTÁSOK'!B42/100,0)*100 -> 13000 | I30: =ROUND(D30*'⚙️ BEÁLLÍTÁSOK'!B43/100,0)*100 -> 12100 | J30: =ROUND(D30*'⚙️ BEÁLLÍTÁSOK'!B44/100,0)*100 -> 16300
B31: BitLocker / meghajtótitkosítás beállítása | C31: gép | D31: 7500 | E31: =ROUND(D31*'⚙️ BEÁLLÍTÁSOK'!B39/100,0)*100 -> 7500 | F31: =ROUND(D31*'⚙️ BEÁLLÍTÁSOK'!B40/100,0)*100 -> 8600 | G31: =ROUND(D31*'⚙️ BEÁLLÍTÁSOK'!B41/100,0)*100 -> 8100 | H31: =ROUND(D31*'⚙️ BEÁLLÍTÁSOK'!B42/100,0)*100 -> 7500 | I31: =ROUND(D31*'⚙️ BEÁLLÍTÁSOK'!B43/100,0)*100 -> 7000 | J31: =ROUND(D31*'⚙️ BEÁLLÍTÁSOK'!B44/100,0)*100 -> 9400
B32: Jelszókezelő bevezetése (céges szinten) | C32: projekt | D32: 26000 | E32: =ROUND(D32*'⚙️ BEÁLLÍTÁSOK'!B39/100,0)*100 -> 26000 | F32: =ROUND(D32*'⚙️ BEÁLLÍTÁSOK'!B40/100,0)*100 -> 29900 | G32: =ROUND(D32*'⚙️ BEÁLLÍTÁSOK'!B41/100,0)*100 -> 28100 | H32: =ROUND(D32*'⚙️ BEÁLLÍTÁSOK'!B42/100,0)*100 -> 26000 | I32: =ROUND(D32*'⚙️ BEÁLLÍTÁSOK'!B43/100,0)*100 -> 24200 | J32: =ROUND(D32*'⚙️ BEÁLLÍTÁSOK'!B44/100,0)*100 -> 32500
B33: Kétlépéses hitelesítés (2FA) beállítása | C33: gép | D33: 5000 | E33: =ROUND(D33*'⚙️ BEÁLLÍTÁSOK'!B39/100,0)*100 -> 5000 | F33: =ROUND(D33*'⚙️ BEÁLLÍTÁSOK'!B40/100,0)*100 -> 5800 | G33: =ROUND(D33*'⚙️ BEÁLLÍTÁSOK'!B41/100,0)*100 -> 5400 | H33: =ROUND(D33*'⚙️ BEÁLLÍTÁSOK'!B42/100,0)*100 -> 5000 | I33: =ROUND(D33*'⚙️ BEÁLLÍTÁSOK'!B43/100,0)*100 -> 4700 | J33: =ROUND(D33*'⚙️ BEÁLLÍTÁSOK'!B44/100,0)*100 -> 6300
B34: Adatmentés (backup) konfiguráció és tesztelés | C34: rendszer | D34: 20000 | E34: =ROUND(D34*'⚙️ BEÁLLÍTÁSOK'!B39/100,0)*100 -> 20000 | F34: =ROUND(D34*'⚙️ BEÁLLÍTÁSOK'!B40/100,0)*100 -> 23000 | G34: =ROUND(D34*'⚙️ BEÁLLÍTÁSOK'!B41/100,0)*100 -> 21600 | H34: =ROUND(D34*'⚙️ BEÁLLÍTÁSOK'!B42/100,0)*100 -> 20000 | I34: =ROUND(D34*'⚙️ BEÁLLÍTÁSOK'!B43/100,0)*100 -> 18600 | J34: =ROUND(D34*'⚙️ BEÁLLÍTÁSOK'!B44/100,0)*100 -> 25000
B35: Incidens kezelés, fertőzés utáni helyreállítás | C35: óra | D35: egyedi | E35: – | F35: – | G35: – | H35: – | I35: – | J35: – | K35: → IT óradíj × sürgősségi szorzó
A36: ▸ SZERVER ÉS INFRASTRUKTÚRA – pótdíjak (havi)
B37: Szerver felügyelet (rack / tower) | C37: db/hó | D37: 14000 | E37: =ROUND(D37*'⚙️ BEÁLLÍTÁSOK'!B39/100,0)*100 -> 14000 | F37: =ROUND(D37*'⚙️ BEÁLLÍTÁSOK'!B40/100,0)*100 -> 16100 | G37: =ROUND(D37*'⚙️ BEÁLLÍTÁSOK'!B41/100,0)*100 -> 15100 | H37: =ROUND(D37*'⚙️ BEÁLLÍTÁSOK'!B42/100,0)*100 -> 14000 | I37: =ROUND(D37*'⚙️ BEÁLLÍTÁSOK'!B43/100,0)*100 -> 13000 | J37: =ROUND(D37*'⚙️ BEÁLLÍTÁSOK'!B44/100,0)*100 -> 17500
B38: NAS felügyelet | C38: db/hó | D38: 9000 | E38: =ROUND(D38*'⚙️ BEÁLLÍTÁSOK'!B39/100,0)*100 -> 9000 | F38: =ROUND(D38*'⚙️ BEÁLLÍTÁSOK'!B40/100,0)*100 -> 10400 | G38: =ROUND(D38*'⚙️ BEÁLLÍTÁSOK'!B41/100,0)*100 -> 9700 | H38: =ROUND(D38*'⚙️ BEÁLLÍTÁSOK'!B42/100,0)*100 -> 9000 | I38: =ROUND(D38*'⚙️ BEÁLLÍTÁSOK'!B43/100,0)*100 -> 8400 | J38: =ROUND(D38*'⚙️ BEÁLLÍTÁSOK'!B44/100,0)*100 -> 11300
B39: Tűzfal appliance felügyelet | C39: db/hó | D39: 11000 | E39: =ROUND(D39*'⚙️ BEÁLLÍTÁSOK'!B39/100,0)*100 -> 11000 | F39: =ROUND(D39*'⚙️ BEÁLLÍTÁSOK'!B40/100,0)*100 -> 12600 | G39: =ROUND(D39*'⚙️ BEÁLLÍTÁSOK'!B41/100,0)*100 -> 11900 | H39: =ROUND(D39*'⚙️ BEÁLLÍTÁSOK'!B42/100,0)*100 -> 11000 | I39: =ROUND(D39*'⚙️ BEÁLLÍTÁSOK'!B43/100,0)*100 -> 10200 | J39: =ROUND(D39*'⚙️ BEÁLLÍTÁSOK'!B44/100,0)*100 -> 13800
B40: Menedzselt switch felügyelet | C40: db/hó | D40: 8000 | E40: =ROUND(D40*'⚙️ BEÁLLÍTÁSOK'!B39/100,0)*100 -> 8000 | F40: =ROUND(D40*'⚙️ BEÁLLÍTÁSOK'!B40/100,0)*100 -> 9200 | G40: =ROUND(D40*'⚙️ BEÁLLÍTÁSOK'!B41/100,0)*100 -> 8600 | H40: =ROUND(D40*'⚙️ BEÁLLÍTÁSOK'!B42/100,0)*100 -> 8000 | I40: =ROUND(D40*'⚙️ BEÁLLÍTÁSOK'!B43/100,0)*100 -> 7400 | J40: =ROUND(D40*'⚙️ BEÁLLÍTÁSOK'!B44/100,0)*100 -> 10000
B41: UPS felügyelet, akkumulátor ellenőrzés | C41: db/hó | D41: 5500 | E41: =ROUND(D41*'⚙️ BEÁLLÍTÁSOK'!B39/100,0)*100 -> 5500 | F41: =ROUND(D41*'⚙️ BEÁLLÍTÁSOK'!B40/100,0)*100 -> 6300 | G41: =ROUND(D41*'⚙️ BEÁLLÍTÁSOK'!B41/100,0)*100 -> 5900 | H41: =ROUND(D41*'⚙️ BEÁLLÍTÁSOK'!B42/100,0)*100 -> 5500 | I41: =ROUND(D41*'⚙️ BEÁLLÍTÁSOK'!B43/100,0)*100 -> 5100 | J41: =ROUND(D41*'⚙️ BEÁLLÍTÁSOK'!B44/100,0)*100 -> 6900
B42: Virtualizáció (Hyper-V / VMware / Proxmox) kezelés | C42: óra | D42: egyedi | E42: – | F42: – | G42: – | H42: – | I42: – | J42: – | K42: → IT fejlesztő óradíj alapján
B43: Active Directory / domain kezelés | C43: óra | D43: egyedi | E43: – | F43: – | G43: – | H43: – | I43: – | J43: – | K43: → IT óradíj alapján
B44: DNS, DHCP szerver kezelés | C44: óra | D44: egyedi | E44: – | F44: – | G44: – | H44: – | I44: – | J44: – | K44: → IT óradíj alapján
A45: ▸ MONITORING ÉS RIPORTÁLÁS
B46: Havi állapotjelentés (PDF, dokumentált) | C46: db | D46: 7000 | E46: =ROUND(D46*'⚙️ BEÁLLÍTÁSOK'!B39/100,0)*100 -> 7000 | F46: =ROUND(D46*'⚙️ BEÁLLÍTÁSOK'!B40/100,0)*100 -> 8000 | G46: =ROUND(D46*'⚙️ BEÁLLÍTÁSOK'!B41/100,0)*100 -> 7600 | H46: =ROUND(D46*'⚙️ BEÁLLÍTÁSOK'!B42/100,0)*100 -> 7000 | I46: =ROUND(D46*'⚙️ BEÁLLÍTÁSOK'!B43/100,0)*100 -> 6500 | J46: =ROUND(D46*'⚙️ BEÁLLÍTÁSOK'!B44/100,0)*100 -> 8800 | K46: MSP csomag tartalmazza
B47: Valós idejű eszközmonitoring (RMM) | C47: gép/hó | D47: 1400 | E47: =ROUND(D47*'⚙️ BEÁLLÍTÁSOK'!B39/100,0)*100 -> 1400 | F47: =ROUND(D47*'⚙️ BEÁLLÍTÁSOK'!B40/100,0)*100 -> 1600 | G47: =ROUND(D47*'⚙️ BEÁLLÍTÁSOK'!B41/100,0)*100 -> 1500 | H47: =ROUND(D47*'⚙️ BEÁLLÍTÁSOK'!B42/100,0)*100 -> 1400 | I47: =ROUND(D47*'⚙️ BEÁLLÍTÁSOK'!B43/100,0)*100 -> 1300 | J47: =ROUND(D47*'⚙️ BEÁLLÍTÁSOK'!B44/100,0)*100 -> 1800
B48: Rendelkezésre állás riport (uptime) | C48: hó | D48: 5000 | E48: =ROUND(D48*'⚙️ BEÁLLÍTÁSOK'!B39/100,0)*100 -> 5000 | F48: =ROUND(D48*'⚙️ BEÁLLÍTÁSOK'!B40/100,0)*100 -> 5800 | G48: =ROUND(D48*'⚙️ BEÁLLÍTÁSOK'!B41/100,0)*100 -> 5400 | H48: =ROUND(D48*'⚙️ BEÁLLÍTÁSOK'!B42/100,0)*100 -> 5000 | I48: =ROUND(D48*'⚙️ BEÁLLÍTÁSOK'!B43/100,0)*100 -> 4700 | J48: =ROUND(D48*'⚙️ BEÁLLÍTÁSOK'!B44/100,0)*100 -> 6300
B49: IT leltár, eszköznyilvántartás (éves) | C49: alkalom | D49: 30000 | E49: =ROUND(D49*'⚙️ BEÁLLÍTÁSOK'!B39/100,0)*100 -> 30000 | F49: =ROUND(D49*'⚙️ BEÁLLÍTÁSOK'!B40/100,0)*100 -> 34500 | G49: =ROUND(D49*'⚙️ BEÁLLÍTÁSOK'!B41/100,0)*100 -> 32400 | H49: =ROUND(D49*'⚙️ BEÁLLÍTÁSOK'!B42/100,0)*100 -> 30000 | I49: =ROUND(D49*'⚙️ BEÁLLÍTÁSOK'!B43/100,0)*100 -> 27900 | J49: =ROUND(D49*'⚙️ BEÁLLÍTÁSOK'!B44/100,0)*100 -> 37500
A50: 🌐 HÁLÓZATÉPÍTÉS ÉS FEJLESZTÉS – anyagköltség minden esetben külön
A51: Tervezéstől üzembe helyezésig vállalunk. Átadáskor írásos hálózati dokumentáció. Anyagkezelési pótlék: eseti +12%, keretszerz. +8%.
B52: Hálózati felmérés / igényfelmérés (helyszíni) | C52: alkalom | D52: 16000 | E52: =ROUND(D52*'⚙️ BEÁLLÍTÁSOK'!B39/100,0)*100 -> 16000 | F52: =ROUND(D52*'⚙️ BEÁLLÍTÁSOK'!B40/100,0)*100 -> 18400 | G52: =ROUND(D52*'⚙️ BEÁLLÍTÁSOK'!B41/100,0)*100 -> 17300 | H52: =ROUND(D52*'⚙️ BEÁLLÍTÁSOK'!B42/100,0)*100 -> 16000 | I52: =ROUND(D52*'⚙️ BEÁLLÍTÁSOK'!B43/100,0)*100 -> 14900 | J52: =ROUND(D52*'⚙️ BEÁLLÍTÁSOK'!B44/100,0)*100 -> 20000 | K52: 1. konzultáció ingyenes ajánlatkérésnél
B53: Hálózati terv, dokumentáció készítése | C53: projekt | D53: 40000 | E53: =ROUND(D53*'⚙️ BEÁLLÍTÁSOK'!B39/100,0)*100 -> 40000 | F53: =ROUND(D53*'⚙️ BEÁLLÍTÁSOK'!B40/100,0)*100 -> 46000 | G53: =ROUND(D53*'⚙️ BEÁLLÍTÁSOK'!B41/100,0)*100 -> 43200 | H53: =ROUND(D53*'⚙️ BEÁLLÍTÁSOK'!B42/100,0)*100 -> 40000 | I53: =ROUND(D53*'⚙️ BEÁLLÍTÁSOK'!B43/100,0)*100 -> 37200 | J53: =ROUND(D53*'⚙️ BEÁLLÍTÁSOK'!B44/100,0)*100 -> 50000
B54: Kis irodai hálózat kiépítés – 1–5 csatlakozási pont | C54: projekt | D54: 65000 | E54: =ROUND(D54*'⚙️ BEÁLLÍTÁSOK'!B39/100,0)*100 -> 65000 | F54: =ROUND(D54*'⚙️ BEÁLLÍTÁSOK'!B40/100,0)*100 -> 74800 | G54: =ROUND(D54*'⚙️ BEÁLLÍTÁSOK'!B41/100,0)*100 -> 70200 | H54: =ROUND(D54*'⚙️ BEÁLLÍTÁSOK'!B42/100,0)*100 -> 65000 | I54: =ROUND(D54*'⚙️ BEÁLLÍTÁSOK'!B43/100,0)*100 -> 60500 | J54: =ROUND(D54*'⚙️ BEÁLLÍTÁSOK'!B44/100,0)*100 -> 81300 | K54: Anyag külön
B55: Közepes hálózat – 6–15 csatlakozási pont | C55: projekt | D55: 130000 | E55: =ROUND(D55*'⚙️ BEÁLLÍTÁSOK'!B39/100,0)*100 -> 130000 | F55: =ROUND(D55*'⚙️ BEÁLLÍTÁSOK'!B40/100,0)*100 -> 149500 | G55: =ROUND(D55*'⚙️ BEÁLLÍTÁSOK'!B41/100,0)*100 -> 140400 | H55: =ROUND(D55*'⚙️ BEÁLLÍTÁSOK'!B42/100,0)*100 -> 130000 | I55: =ROUND(D55*'⚙️ BEÁLLÍTÁSOK'!B43/100,0)*100 -> 120900 | J55: =ROUND(D55*'⚙️ BEÁLLÍTÁSOK'!B44/100,0)*100 -> 162500
B56: Nagy hálózat – 15+ pont / több épület | C56: projekt | D56: egyedi | E56: – | F56: – | G56: – | H56: – | I56: – | J56: – | K56: Egyedi, tételes ajánlat
A57: ▸ ROUTER, INTERNET, VPN
B58: Router alapbeállítás (DHCP, NAT, tűzfal) | C58: db | D58: 13000 | E58: =ROUND(D58*'⚙️ BEÁLLÍTÁSOK'!B39/100,0)*100 -> 13000 | F58: =ROUND(D58*'⚙️ BEÁLLÍTÁSOK'!B40/100,0)*100 -> 14900 | G58: =ROUND(D58*'⚙️ BEÁLLÍTÁSOK'!B41/100,0)*100 -> 14000 | H58: =ROUND(D58*'⚙️ BEÁLLÍTÁSOK'!B42/100,0)*100 -> 13000 | I58: =ROUND(D58*'⚙️ BEÁLLÍTÁSOK'!B43/100,0)*100 -> 12100 | J58: =ROUND(D58*'⚙️ BEÁLLÍTÁSOK'!B44/100,0)*100 -> 16300
B59: Router haladó konfiguráció (QoS, VLAN, port forward) | C59: db | D59: 24000 | E59: =ROUND(D59*'⚙️ BEÁLLÍTÁSOK'!B39/100,0)*100 -> 24000 | F59: =ROUND(D59*'⚙️ BEÁLLÍTÁSOK'!B40/100,0)*100 -> 27600 | G59: =ROUND(D59*'⚙️ BEÁLLÍTÁSOK'!B41/100,0)*100 -> 25900 | H59: =ROUND(D59*'⚙️ BEÁLLÍTÁSOK'!B42/100,0)*100 -> 24000 | I59: =ROUND(D59*'⚙️ BEÁLLÍTÁSOK'!B43/100,0)*100 -> 22300 | J59: =ROUND(D59*'⚙️ BEÁLLÍTÁSOK'!B44/100,0)*100 -> 30000
B60: Kettős internet – failover / load balance | C60: projekt | D60: 40000 | E60: =ROUND(D60*'⚙️ BEÁLLÍTÁSOK'!B39/100,0)*100 -> 40000 | F60: =ROUND(D60*'⚙️ BEÁLLÍTÁSOK'!B40/100,0)*100 -> 46000 | G60: =ROUND(D60*'⚙️ BEÁLLÍTÁSOK'!B41/100,0)*100 -> 43200 | H60: =ROUND(D60*'⚙️ BEÁLLÍTÁSOK'!B42/100,0)*100 -> 40000 | I60: =ROUND(D60*'⚙️ BEÁLLÍTÁSOK'!B43/100,0)*100 -> 37200 | J60: =ROUND(D60*'⚙️ BEÁLLÍTÁSOK'!B44/100,0)*100 -> 50000
B61: VPN szerver kiépítés (céges oldalon) | C61: projekt | D61: 52000 | E61: =ROUND(D61*'⚙️ BEÁLLÍTÁSOK'!B39/100,0)*100 -> 52000 | F61: =ROUND(D61*'⚙️ BEÁLLÍTÁSOK'!B40/100,0)*100 -> 59800 | G61: =ROUND(D61*'⚙️ BEÁLLÍTÁSOK'!B41/100,0)*100 -> 56200 | H61: =ROUND(D61*'⚙️ BEÁLLÍTÁSOK'!B42/100,0)*100 -> 52000 | I61: =ROUND(D61*'⚙️ BEÁLLÍTÁSOK'!B43/100,0)*100 -> 48400 | J61: =ROUND(D61*'⚙️ BEÁLLÍTÁSOK'!B44/100,0)*100 -> 65000
B62: VPN kliens beállítás | C62: gép | D62: 7500 | E62: =ROUND(D62*'⚙️ BEÁLLÍTÁSOK'!B39/100,0)*100 -> 7500 | F62: =ROUND(D62*'⚙️ BEÁLLÍTÁSOK'!B40/100,0)*100 -> 8600 | G62: =ROUND(D62*'⚙️ BEÁLLÍTÁSOK'!B41/100,0)*100 -> 8100 | H62: =ROUND(D62*'⚙️ BEÁLLÍTÁSOK'!B42/100,0)*100 -> 7500 | I62: =ROUND(D62*'⚙️ BEÁLLÍTÁSOK'!B43/100,0)*100 -> 7000 | J62: =ROUND(D62*'⚙️ BEÁLLÍTÁSOK'!B44/100,0)*100 -> 9400
B63: Home office teljes IT kialakítás | C63: munkavállaló | D63: 32000 | E63: =ROUND(D63*'⚙️ BEÁLLÍTÁSOK'!B39/100,0)*100 -> 32000 | F63: =ROUND(D63*'⚙️ BEÁLLÍTÁSOK'!B40/100,0)*100 -> 36800 | G63: =ROUND(D63*'⚙️ BEÁLLÍTÁSOK'!B41/100,0)*100 -> 34600 | H63: =ROUND(D63*'⚙️ BEÁLLÍTÁSOK'!B42/100,0)*100 -> 32000 | I63: =ROUND(D63*'⚙️ BEÁLLÍTÁSOK'!B43/100,0)*100 -> 29800 | J63: =ROUND(D63*'⚙️ BEÁLLÍTÁSOK'!B44/100,0)*100 -> 40000
A64: ▸ WI-FI ÉS STRUKTURÁLT KÁBELEZÉS
B65: Access point telepítés és konfiguráció | C65: db | D65: 13000 | E65: =ROUND(D65*'⚙️ BEÁLLÍTÁSOK'!B39/100,0)*100 -> 13000 | F65: =ROUND(D65*'⚙️ BEÁLLÍTÁSOK'!B40/100,0)*100 -> 14900 | G65: =ROUND(D65*'⚙️ BEÁLLÍTÁSOK'!B41/100,0)*100 -> 14000 | H65: =ROUND(D65*'⚙️ BEÁLLÍTÁSOK'!B42/100,0)*100 -> 13000 | I65: =ROUND(D65*'⚙️ BEÁLLÍTÁSOK'!B43/100,0)*100 -> 12100 | J65: =ROUND(D65*'⚙️ BEÁLLÍTÁSOK'!B44/100,0)*100 -> 16300 | K65: Anyag külön
B66: Mesh hálózat kiépítés (pl. Ubiquiti UniFi, 2–4 AP) | C66: projekt | D66: 58000 | E66: =ROUND(D66*'⚙️ BEÁLLÍTÁSOK'!B39/100,0)*100 -> 58000 | F66: =ROUND(D66*'⚙️ BEÁLLÍTÁSOK'!B40/100,0)*100 -> 66700 | G66: =ROUND(D66*'⚙️ BEÁLLÍTÁSOK'!B41/100,0)*100 -> 62600 | H66: =ROUND(D66*'⚙️ BEÁLLÍTÁSOK'!B42/100,0)*100 -> 58000 | I66: =ROUND(D66*'⚙️ BEÁLLÍTÁSOK'!B43/100,0)*100 -> 53900 | J66: =ROUND(D66*'⚙️ BEÁLLÍTÁSOK'!B44/100,0)*100 -> 72500 | K66: Anyag külön
B67: Vendég Wi-Fi kialakítása (elkülönített hálózat) | C67: projekt | D67: 17000 | E67: =ROUND(D67*'⚙️ BEÁLLÍTÁSOK'!B39/100,0)*100 -> 17000 | F67: =ROUND(D67*'⚙️ BEÁLLÍTÁSOK'!B40/100,0)*100 -> 19600 | G67: =ROUND(D67*'⚙️ BEÁLLÍTÁSOK'!B41/100,0)*100 -> 18400 | H67: =ROUND(D67*'⚙️ BEÁLLÍTÁSOK'!B42/100,0)*100 -> 17000 | I67: =ROUND(D67*'⚙️ BEÁLLÍTÁSOK'!B43/100,0)*100 -> 15800 | J67: =ROUND(D67*'⚙️ BEÁLLÍTÁSOK'!B44/100,0)*100 -> 21300
B68: Menedzselt switch konfiguráció (VLAN, trunk, STP) | C68: db | D68: 21000 | E68: =ROUND(D68*'⚙️ BEÁLLÍTÁSOK'!B39/100,0)*100 -> 21000 | F68: =ROUND(D68*'⚙️ BEÁLLÍTÁSOK'!B40/100,0)*100 -> 24100 | G68: =ROUND(D68*'⚙️ BEÁLLÍTÁSOK'!B41/100,0)*100 -> 22700 | H68: =ROUND(D68*'⚙️ BEÁLLÍTÁSOK'!B42/100,0)*100 -> 21000 | I68: =ROUND(D68*'⚙️ BEÁLLÍTÁSOK'!B43/100,0)*100 -> 19500 | J68: =ROUND(D68*'⚙️ BEÁLLÍTÁSOK'!B44/100,0)*100 -> 26300
B69: VLAN kialakítás (iroda / gyártás / vendég) | C69: projekt | D69: 32000 | E69: =ROUND(D69*'⚙️ BEÁLLÍTÁSOK'!B39/100,0)*100 -> 32000 | F69: =ROUND(D69*'⚙️ BEÁLLÍTÁSOK'!B40/100,0)*100 -> 36800 | G69: =ROUND(D69*'⚙️ BEÁLLÍTÁSOK'!B41/100,0)*100 -> 34600 | H69: =ROUND(D69*'⚙️ BEÁLLÍTÁSOK'!B42/100,0)*100 -> 32000 | I69: =ROUND(D69*'⚙️ BEÁLLÍTÁSOK'!B43/100,0)*100 -> 29800 | J69: =ROUND(D69*'⚙️ BEÁLLÍTÁSOK'!B44/100,0)*100 -> 40000
B70: Cat5e/Cat6 kábelfektetés | C70: óra | D70: egyedi | E70: – | F70: – | G70: – | H70: – | I70: – | J70: – | K70: → IT szerelő óradíj + kábel külön
B71: Patch panel bekötés, portok számozása | C71: db | D71: 6500 | E71: =ROUND(D71*'⚙️ BEÁLLÍTÁSOK'!B39/100,0)*100 -> 6500 | F71: =ROUND(D71*'⚙️ BEÁLLÍTÁSOK'!B40/100,0)*100 -> 7500 | G71: =ROUND(D71*'⚙️ BEÁLLÍTÁSOK'!B41/100,0)*100 -> 7000 | H71: =ROUND(D71*'⚙️ BEÁLLÍTÁSOK'!B42/100,0)*100 -> 6500 | I71: =ROUND(D71*'⚙️ BEÁLLÍTÁSOK'!B43/100,0)*100 -> 6000 | J71: =ROUND(D71*'⚙️ BEÁLLÍTÁSOK'!B44/100,0)*100 -> 8100
A72: ▸ IP TELEFÓNIA
B73: VoIP rendszer tervezés és kiépítés | C73: projekt | D73: 78000 | E73: =ROUND(D73*'⚙️ BEÁLLÍTÁSOK'!B39/100,0)*100 -> 78000 | F73: =ROUND(D73*'⚙️ BEÁLLÍTÁSOK'!B40/100,0)*100 -> 89700 | G73: =ROUND(D73*'⚙️ BEÁLLÍTÁSOK'!B41/100,0)*100 -> 84200 | H73: =ROUND(D73*'⚙️ BEÁLLÍTÁSOK'!B42/100,0)*100 -> 78000 | I73: =ROUND(D73*'⚙️ BEÁLLÍTÁSOK'!B43/100,0)*100 -> 72500 | J73: =ROUND(D73*'⚙️ BEÁLLÍTÁSOK'!B44/100,0)*100 -> 97500
B74: IP telefon konfiguráció | C74: db | D74: 10500 | E74: =ROUND(D74*'⚙️ BEÁLLÍTÁSOK'!B39/100,0)*100 -> 10500 | F74: =ROUND(D74*'⚙️ BEÁLLÍTÁSOK'!B40/100,0)*100 -> 12100 | G74: =ROUND(D74*'⚙️ BEÁLLÍTÁSOK'!B41/100,0)*100 -> 11300 | H74: =ROUND(D74*'⚙️ BEÁLLÍTÁSOK'!B42/100,0)*100 -> 10500 | I74: =ROUND(D74*'⚙️ BEÁLLÍTÁSOK'!B43/100,0)*100 -> 9800 | J74: =ROUND(D74*'⚙️ BEÁLLÍTÁSOK'!B44/100,0)*100 -> 13100
B75: PBX telefonközpont üzemeltetés (havidíj) | C75: hó | D75: 26000 | E75: =ROUND(D75*'⚙️ BEÁLLÍTÁSOK'!B39/100,0)*100 -> 26000 | F75: =ROUND(D75*'⚙️ BEÁLLÍTÁSOK'!B40/100,0)*100 -> 29900 | G75: =ROUND(D75*'⚙️ BEÁLLÍTÁSOK'!B41/100,0)*100 -> 28100 | H75: =ROUND(D75*'⚙️ BEÁLLÍTÁSOK'!B42/100,0)*100 -> 26000 | I75: =ROUND(D75*'⚙️ BEÁLLÍTÁSOK'!B43/100,0)*100 -> 24200 | J75: =ROUND(D75*'⚙️ BEÁLLÍTÁSOK'!B44/100,0)*100 -> 32500
A76: 💻 WEBOLDAL ÉS RENDSZERFEJLESZTÉS
A77: Egyedi fejlesztés (Next.js, React, PHP) és CMS (WordPress). Az óradíjas tételek a Kalkulátor lapon számolhatók fejlesztői óradíjjal.
A78: ▸ EGYEDI FEJLESZTÉS
B79: Egyszerű bemutatkozó oldal – 3–5 aloldal | C79: projekt | D79: 260000 | E79: =ROUND(D79*'⚙️ BEÁLLÍTÁSOK'!B39/100,0)*100 -> 260000 | F79: =ROUND(D79*'⚙️ BEÁLLÍTÁSOK'!B40/100,0)*100 -> 299000 | G79: =ROUND(D79*'⚙️ BEÁLLÍTÁSOK'!B41/100,0)*100 -> 280800 | H79: =ROUND(D79*'⚙️ BEÁLLÍTÁSOK'!B42/100,0)*100 -> 260000 | I79: =ROUND(D79*'⚙️ BEÁLLÍTÁSOK'!B43/100,0)*100 -> 241800 | J79: =ROUND(D79*'⚙️ BEÁLLÍTÁSOK'!B44/100,0)*100 -> 325000 | K79: Design + fejlesztés + alapSEO
B80: Összetett weboldal – 6–15 aloldal | C80: projekt | D80: 520000 | E80: =ROUND(D80*'⚙️ BEÁLLÍTÁSOK'!B39/100,0)*100 -> 520000 | F80: =ROUND(D80*'⚙️ BEÁLLÍTÁSOK'!B40/100,0)*100 -> 598000 | G80: =ROUND(D80*'⚙️ BEÁLLÍTÁSOK'!B41/100,0)*100 -> 561600 | H80: =ROUND(D80*'⚙️ BEÁLLÍTÁSOK'!B42/100,0)*100 -> 520000 | I80: =ROUND(D80*'⚙️ BEÁLLÍTÁSOK'!B43/100,0)*100 -> 483600 | J80: =ROUND(D80*'⚙️ BEÁLLÍTÁSOK'!B44/100,0)*100 -> 650000
B81: Landing page – kampányoldal | C81: projekt | D81: 120000 | E81: =ROUND(D81*'⚙️ BEÁLLÍTÁSOK'!B39/100,0)*100 -> 120000 | F81: =ROUND(D81*'⚙️ BEÁLLÍTÁSOK'!B40/100,0)*100 -> 138000 | G81: =ROUND(D81*'⚙️ BEÁLLÍTÁSOK'!B41/100,0)*100 -> 129600 | H81: =ROUND(D81*'⚙️ BEÁLLÍTÁSOK'!B42/100,0)*100 -> 120000 | I81: =ROUND(D81*'⚙️ BEÁLLÍTÁSOK'!B43/100,0)*100 -> 111600 | J81: =ROUND(D81*'⚙️ BEÁLLÍTÁSOK'!B44/100,0)*100 -> 150000
B82: Webshop – egyedi fejlesztés | C82: projekt | D82: 1450000 | E82: =ROUND(D82*'⚙️ BEÁLLÍTÁSOK'!B39/100,0)*100 -> 1450000 | F82: =ROUND(D82*'⚙️ BEÁLLÍTÁSOK'!B40/100,0)*100 -> 1667500 | G82: =ROUND(D82*'⚙️ BEÁLLÍTÁSOK'!B41/100,0)*100 -> 1566000 | H82: =ROUND(D82*'⚙️ BEÁLLÍTÁSOK'!B42/100,0)*100 -> 1450000 | I82: =ROUND(D82*'⚙️ BEÁLLÍTÁSOK'!B43/100,0)*100 -> 1348500 | J82: =ROUND(D82*'⚙️ BEÁLLÍTÁSOK'!B44/100,0)*100 -> 1812500 | K82: Termékfeltöltés külön
B83: Belső vállalati rendszer (ERP/CRM) | C83: projekt | D83: egyedi | E83: – | F83: – | G83: – | H83: – | I83: – | J83: – | K83: Egyedi tárgyalás, fázisolt
B84: API integráció (külső rendszerrel) | C84: projekt | D84: 140000 | E84: =ROUND(D84*'⚙️ BEÁLLÍTÁSOK'!B39/100,0)*100 -> 140000 | F84: =ROUND(D84*'⚙️ BEÁLLÍTÁSOK'!B40/100,0)*100 -> 161000 | G84: =ROUND(D84*'⚙️ BEÁLLÍTÁSOK'!B41/100,0)*100 -> 151200 | H84: =ROUND(D84*'⚙️ BEÁLLÍTÁSOK'!B42/100,0)*100 -> 140000 | I84: =ROUND(D84*'⚙️ BEÁLLÍTÁSOK'!B43/100,0)*100 -> 130200 | J84: =ROUND(D84*'⚙️ BEÁLLÍTÁSOK'!B44/100,0)*100 -> 175000
A85: ▸ WORDPRESS / CMS
B86: WordPress weboldal – alaptelepítés + beállítás | C86: projekt | D86: 60000 | E86: =ROUND(D86*'⚙️ BEÁLLÍTÁSOK'!B39/100,0)*100 -> 60000 | F86: =ROUND(D86*'⚙️ BEÁLLÍTÁSOK'!B40/100,0)*100 -> 69000 | G86: =ROUND(D86*'⚙️ BEÁLLÍTÁSOK'!B41/100,0)*100 -> 64800 | H86: =ROUND(D86*'⚙️ BEÁLLÍTÁSOK'!B42/100,0)*100 -> 60000 | I86: =ROUND(D86*'⚙️ BEÁLLÍTÁSOK'!B43/100,0)*100 -> 55800 | J86: =ROUND(D86*'⚙️ BEÁLLÍTÁSOK'!B44/100,0)*100 -> 75000
B87: WordPress téma testreszabás | C87: óra | D87: egyedi | E87: – | F87: – | G87: – | H87: – | I87: – | J87: – | K87: → fejlesztői óradíj
B88: WooCommerce webshop beállítás | C88: projekt | D88: 130000 | E88: =ROUND(D88*'⚙️ BEÁLLÍTÁSOK'!B39/100,0)*100 -> 130000 | F88: =ROUND(D88*'⚙️ BEÁLLÍTÁSOK'!B40/100,0)*100 -> 149500 | G88: =ROUND(D88*'⚙️ BEÁLLÍTÁSOK'!B41/100,0)*100 -> 140400 | H88: =ROUND(D88*'⚙️ BEÁLLÍTÁSOK'!B42/100,0)*100 -> 130000 | I88: =ROUND(D88*'⚙️ BEÁLLÍTÁSOK'!B43/100,0)*100 -> 120900 | J88: =ROUND(D88*'⚙️ BEÁLLÍTÁSOK'!B44/100,0)*100 -> 162500
B89: WordPress sebesség optimalizálás | C89: projekt | D89: 48000 | E89: =ROUND(D89*'⚙️ BEÁLLÍTÁSOK'!B39/100,0)*100 -> 48000 | F89: =ROUND(D89*'⚙️ BEÁLLÍTÁSOK'!B40/100,0)*100 -> 55200 | G89: =ROUND(D89*'⚙️ BEÁLLÍTÁSOK'!B41/100,0)*100 -> 51800 | H89: =ROUND(D89*'⚙️ BEÁLLÍTÁSOK'!B42/100,0)*100 -> 48000 | I89: =ROUND(D89*'⚙️ BEÁLLÍTÁSOK'!B43/100,0)*100 -> 44600 | J89: =ROUND(D89*'⚙️ BEÁLLÍTÁSOK'!B44/100,0)*100 -> 60000
B90: WordPress biztonsági átvilágítás + keményítés | C90: projekt | D90: 40000 | E90: =ROUND(D90*'⚙️ BEÁLLÍTÁSOK'!B39/100,0)*100 -> 40000 | F90: =ROUND(D90*'⚙️ BEÁLLÍTÁSOK'!B40/100,0)*100 -> 46000 | G90: =ROUND(D90*'⚙️ BEÁLLÍTÁSOK'!B41/100,0)*100 -> 43200 | H90: =ROUND(D90*'⚙️ BEÁLLÍTÁSOK'!B42/100,0)*100 -> 40000 | I90: =ROUND(D90*'⚙️ BEÁLLÍTÁSOK'!B43/100,0)*100 -> 37200 | J90: =ROUND(D90*'⚙️ BEÁLLÍTÁSOK'!B44/100,0)*100 -> 50000
B91: WordPress frissítés (core + bővítmény + téma) | C91: alkalom | D91: 12000 | E91: =ROUND(D91*'⚙️ BEÁLLÍTÁSOK'!B39/100,0)*100 -> 12000 | F91: =ROUND(D91*'⚙️ BEÁLLÍTÁSOK'!B40/100,0)*100 -> 13800 | G91: =ROUND(D91*'⚙️ BEÁLLÍTÁSOK'!B41/100,0)*100 -> 13000 | H91: =ROUND(D91*'⚙️ BEÁLLÍTÁSOK'!B42/100,0)*100 -> 12000 | I91: =ROUND(D91*'⚙️ BEÁLLÍTÁSOK'!B43/100,0)*100 -> 11200 | J91: =ROUND(D91*'⚙️ BEÁLLÍTÁSOK'!B44/100,0)*100 -> 15000
B92: WordPress fertőzés eltávolítás | C92: projekt | D92: 65000 | E92: =ROUND(D92*'⚙️ BEÁLLÍTÁSOK'!B39/100,0)*100 -> 65000 | F92: =ROUND(D92*'⚙️ BEÁLLÍTÁSOK'!B40/100,0)*100 -> 74800 | G92: =ROUND(D92*'⚙️ BEÁLLÍTÁSOK'!B41/100,0)*100 -> 70200 | H92: =ROUND(D92*'⚙️ BEÁLLÍTÁSOK'!B42/100,0)*100 -> 65000 | I92: =ROUND(D92*'⚙️ BEÁLLÍTÁSOK'!B43/100,0)*100 -> 60500 | J92: =ROUND(D92*'⚙️ BEÁLLÍTÁSOK'!B44/100,0)*100 -> 81300
B93: WordPress migráció (hosting/szerver) | C93: projekt | D93: 45000 | E93: =ROUND(D93*'⚙️ BEÁLLÍTÁSOK'!B39/100,0)*100 -> 45000 | F93: =ROUND(D93*'⚙️ BEÁLLÍTÁSOK'!B40/100,0)*100 -> 51700 | G93: =ROUND(D93*'⚙️ BEÁLLÍTÁSOK'!B41/100,0)*100 -> 48600 | H93: =ROUND(D93*'⚙️ BEÁLLÍTÁSOK'!B42/100,0)*100 -> 45000 | I93: =ROUND(D93*'⚙️ BEÁLLÍTÁSOK'!B43/100,0)*100 -> 41900 | J93: =ROUND(D93*'⚙️ BEÁLLÍTÁSOK'!B44/100,0)*100 -> 56300
B94: Weboldal karbantartás | C94: hó | D94: 18000 | E94: =ROUND(D94*'⚙️ BEÁLLÍTÁSOK'!B39/100,0)*100 -> 18000 | F94: =ROUND(D94*'⚙️ BEÁLLÍTÁSOK'!B40/100,0)*100 -> 20700 | G94: =ROUND(D94*'⚙️ BEÁLLÍTÁSOK'!B41/100,0)*100 -> 19400 | H94: =ROUND(D94*'⚙️ BEÁLLÍTÁSOK'!B42/100,0)*100 -> 18000 | I94: =ROUND(D94*'⚙️ BEÁLLÍTÁSOK'!B43/100,0)*100 -> 16700 | J94: =ROUND(D94*'⚙️ BEÁLLÍTÁSOK'!B44/100,0)*100 -> 22500 | K94: Frissítés + monitor + support
A95: ▸ DOMAIN, TÁRHELY, E-MAIL
B96: Domain regisztráció / megújítás | C96: év | D96: 9000 | E96: =ROUND(D96*'⚙️ BEÁLLÍTÁSOK'!B39/100,0)*100 -> 9000 | F96: =ROUND(D96*'⚙️ BEÁLLÍTÁSOK'!B40/100,0)*100 -> 10400 | G96: =ROUND(D96*'⚙️ BEÁLLÍTÁSOK'!B41/100,0)*100 -> 9700 | H96: =ROUND(D96*'⚙️ BEÁLLÍTÁSOK'!B42/100,0)*100 -> 9000 | I96: =ROUND(D96*'⚙️ BEÁLLÍTÁSOK'!B43/100,0)*100 -> 8400 | J96: =ROUND(D96*'⚙️ BEÁLLÍTÁSOK'!B44/100,0)*100 -> 11300 | K96: Regisztrátori díj + kezelés
B97: SSL tanúsítvány telepítés | C97: db | D97: 7500 | E97: =ROUND(D97*'⚙️ BEÁLLÍTÁSOK'!B39/100,0)*100 -> 7500 | F97: =ROUND(D97*'⚙️ BEÁLLÍTÁSOK'!B40/100,0)*100 -> 8600 | G97: =ROUND(D97*'⚙️ BEÁLLÍTÁSOK'!B41/100,0)*100 -> 8100 | H97: =ROUND(D97*'⚙️ BEÁLLÍTÁSOK'!B42/100,0)*100 -> 7500 | I97: =ROUND(D97*'⚙️ BEÁLLÍTÁSOK'!B43/100,0)*100 -> 7000 | J97: =ROUND(D97*'⚙️ BEÁLLÍTÁSOK'!B44/100,0)*100 -> 9400 | K97: Let's Encrypt vagy fizetős
B98: Céges e-mail cím beállítás | C98: fiók | D98: 6500 | E98: =ROUND(D98*'⚙️ BEÁLLÍTÁSOK'!B39/100,0)*100 -> 6500 | F98: =ROUND(D98*'⚙️ BEÁLLÍTÁSOK'!B40/100,0)*100 -> 7500 | G98: =ROUND(D98*'⚙️ BEÁLLÍTÁSOK'!B41/100,0)*100 -> 7000 | H98: =ROUND(D98*'⚙️ BEÁLLÍTÁSOK'!B42/100,0)*100 -> 6500 | I98: =ROUND(D98*'⚙️ BEÁLLÍTÁSOK'!B43/100,0)*100 -> 6000 | J98: =ROUND(D98*'⚙️ BEÁLLÍTÁSOK'!B44/100,0)*100 -> 8100
B99: Google Analytics 4 / Tag Manager telepítés | C99: projekt | D99: 20000 | E99: =ROUND(D99*'⚙️ BEÁLLÍTÁSOK'!B39/100,0)*100 -> 20000 | F99: =ROUND(D99*'⚙️ BEÁLLÍTÁSOK'!B40/100,0)*100 -> 23000 | G99: =ROUND(D99*'⚙️ BEÁLLÍTÁSOK'!B41/100,0)*100 -> 21600 | H99: =ROUND(D99*'⚙️ BEÁLLÍTÁSOK'!B42/100,0)*100 -> 20000 | I99: =ROUND(D99*'⚙️ BEÁLLÍTÁSOK'!B43/100,0)*100 -> 18600 | J99: =ROUND(D99*'⚙️ BEÁLLÍTÁSOK'!B44/100,0)*100 -> 25000
A100: 🔧 SZERVÍZ ÉS JAVÍTÁS – PC, laptop, mobiltelefon, perifériák
...

Sheet 🤝 ALVÁLLALKOZÓI DÍJAK
A1: 🤝 SIROTECH – ALVÁLLALKOZÓI DÍJTÁBLÁZAT | Nettó Ft/óra | Óradíjas elszámolás főkategóriánként
A2: Két helyzet: (A) Napibéres jelenlét – bemegyek, ott vagyok mint egy dolgozó │ (B) Projekt alapú – saját projekt, alvállalkozói minőségben │ Mindkettő: óradíjas, fél/1/2 éves sávos. Rezsi és overhead beépítve.
A3: Kategória / Szerepkör | B3: Fél éves szerz. (Ft/óra) | C3: 1 éves szerz. (Ft/óra) | D3: 2 éves szerz. (Ft/óra) | E3: Keretszerz. nélkül (Ft/óra) | F3: Megjegyzés / Tartalom
A4: Szorzók → | B4: ='⚙️ BEÁLLÍTÁSOK'!B41 -> 1.08 | C4: ='⚙️ BEÁLLÍTÁSOK'!B42 -> 1 | D4: ='⚙️ BEÁLLÍTÁSOK'!B43 -> 0.93 | E4: ='⚙️ BEÁLLÍTÁSOK'!B40 -> 1.15
A5: ──────── (A) NAPIBÉRES JELENLÉT – Bent vagyok, mint egy dolgozó ────────
A6: Ez a konstrukció akkor alkalmazandó, amikor egy generálkivitelező vagy megrendelő lényegében 'kölcsönzi' a kapacitásunkat – meghatározott időre, helyszínen. Fix óradíj, havi/negyedéves elszámolás.
A7: 🖥️ IT – Üzemeltetés, helpdesk, hálózat (helyszíni jelenlét) | B7: =ROUND('⚙️ BEÁLLÍTÁSOK'!B26*'⚙️ BEÁLLÍTÁSOK'!B41/'⚙️ BEÁLLÍTÁSOK'!B42/100,0)*100 -> 12400 | C7: =ROUND('⚙️ BEÁLLÍTÁSOK'!B26*'⚙️ BEÁLLÍTÁSOK'!B42/100,0)*100 -> 11500 | D7: =ROUND('⚙️ BEÁLLÍTÁSOK'!B26*'⚙️ BEÁLLÍTÁSOK'!B43/100,0)*100 -> 10700 | E7: =ROUND('⚙️ BEÁLLÍTÁSOK'!B26*'⚙️ BEÁLLÍTÁSOK'!B40/100,0)*100 -> 13200 | F7: Napi jelenlét: szerver/hálózat/user support. Minimálisan 4 órás egység.
A8: 💻 IT – Szoftver, fejlesztés, architektúra (helyszíni) | B8: =ROUND('⚙️ BEÁLLÍTÁSOK'!B27*'⚙️ BEÁLLÍTÁSOK'!B41/'⚙️ BEÁLLÍTÁSOK'!B42/100,0)*100 -> 19000 | C8: =ROUND('⚙️ BEÁLLÍTÁSOK'!B27*'⚙️ BEÁLLÍTÁSOK'!B42/100,0)*100 -> 17600 | D8: =ROUND('⚙️ BEÁLLÍTÁSOK'!B27*'⚙️ BEÁLLÍTÁSOK'!B43/100,0)*100 -> 16300 | E8: =ROUND('⚙️ BEÁLLÍTÁSOK'!B27*'⚙️ BEÁLLÍTÁSOK'!B40/100,0)*100 -> 20200 | F8: Fejlesztési, integrációs jelenlét. Minimálisan fél nap.
A9: 📹 Biztonságtechnika – Szerelő (helyszíni, napibéres) | B9: =ROUND('⚙️ BEÁLLÍTÁSOK'!B28*'⚙️ BEÁLLÍTÁSOK'!B41/'⚙️ BEÁLLÍTÁSOK'!B42/100,0)*100 -> 13600 | C9: =ROUND('⚙️ BEÁLLÍTÁSOK'!B28*'⚙️ BEÁLLÍTÁSOK'!B42/100,0)*100 -> 12600 | D9: =ROUND('⚙️ BEÁLLÍTÁSOK'!B28*'⚙️ BEÁLLÍTÁSOK'!B43/100,0)*100 -> 11700 | E9: =ROUND('⚙️ BEÁLLÍTÁSOK'!B28*'⚙️ BEÁLLÍTÁSOK'!B40/100,0)*100 -> 14500 | F9: Kamera, riasztó, beléptetés, tűzjelző szerelése. Minimálisan 4 óra.
A10: 🔴 Tűzvédelem – Szerelő / technikus (helyszíni) | B10: =ROUND('⚙️ BEÁLLÍTÁSOK'!B30*'⚙️ BEÁLLÍTÁSOK'!B41/'⚙️ BEÁLLÍTÁSOK'!B42/100,0)*100 -> 12400 | C10: =ROUND('⚙️ BEÁLLÍTÁSOK'!B30*'⚙️ BEÁLLÍTÁSOK'!B42/100,0)*100 -> 11500 | D10: =ROUND('⚙️ BEÁLLÍTÁSOK'!B30*'⚙️ BEÁLLÍTÁSOK'!B43/100,0)*100 -> 10700 | E10: =ROUND('⚙️ BEÁLLÍTÁSOK'!B30*'⚙️ BEÁLLÍTÁSOK'!B40/100,0)*100 -> 13200 | F10: Tűzjelző, tűzgátló munkák. Minimálisan 4 óra.
A11: ⚡ Villanyszerelő – általános (helyszíni, napibéres) | B11: =ROUND('⚙️ BEÁLLÍTÁSOK'!B32*'⚙️ BEÁLLÍTÁSOK'!B41/'⚙️ BEÁLLÍTÁSOK'!B42/100,0)*100 -> 12000 | C11: =ROUND('⚙️ BEÁLLÍTÁSOK'!B32*'⚙️ BEÁLLÍTÁSOK'!B42/100,0)*100 -> 11100 | D11: =ROUND('⚙️ BEÁLLÍTÁSOK'!B32*'⚙️ BEÁLLÍTÁSOK'!B43/100,0)*100 -> 10300 | E11: =ROUND('⚙️ BEÁLLÍTÁSOK'!B32*'⚙️ BEÁLLÍTÁSOK'!B40/100,0)*100 -> 12800 | F11: Általános villamos munkák. Minimálisan 4 óra.
A12: ⚡ Villanyszerelő – ipari / EV töltő (helyszíni) | B12: =ROUND('⚙️ BEÁLLÍTÁSOK'!B33*'⚙️ BEÁLLÍTÁSOK'!B41/'⚙️ BEÁLLÍTÁSOK'!B42/100,0)*100 -> 14000 | C12: =ROUND('⚙️ BEÁLLÍTÁSOK'!B33*'⚙️ BEÁLLÍTÁSOK'!B42/100,0)*100 -> 13000 | D12: =ROUND('⚙️ BEÁLLÍTÁSOK'!B33*'⚙️ BEÁLLÍTÁSOK'!B43/100,0)*100 -> 12000 | E12: =ROUND('⚙️ BEÁLLÍTÁSOK'!B33*'⚙️ BEÁLLÍTÁSOK'!B40/100,0)*100 -> 14900 | F12: Ipari gépbekötés, EV rendszer. Minimálisan 4 óra.
A14: ──────── (B) PROJEKT ALAPÚ ALVÁLLALKOZÓI MUNKA – Saját projekt, alvállalkozói minőségben ────────
A15: Ez a konstrukció akkor alkalmazandó, amikor SIROTECH saját projekt keretében vesz részt, de generálkivitelező alá tartozva. Fix tételes ár helyett óradíj – a tételes munkát a mátrix tartalmazza, ez az óradíjas keretegyezményhez.
A16: 🖥️ IT – Üzemeltetés / hálózat (projekt, alváll.) | B16: =ROUND('⚙️ BEÁLLÍTÁSOK'!B26*'⚙️ BEÁLLÍTÁSOK'!B41/'⚙️ BEÁLLÍTÁSOK'!B42/100,0)*100 -> 12400 | C16: =ROUND('⚙️ BEÁLLÍTÁSOK'!B26*'⚙️ BEÁLLÍTÁSOK'!B42/100,0)*100 -> 11500 | D16: =ROUND('⚙️ BEÁLLÍTÁSOK'!B26*'⚙️ BEÁLLÍTÁSOK'!B43/100,0)*100 -> 10700 | E16: =ROUND('⚙️ BEÁLLÍTÁSOK'!B26*'⚙️ BEÁLLÍTÁSOK'!B40/100,0)*100 -> 13200 | F16: Projekt keretek között, óradíj alapon. Minden óra dokumentált.
A17: 💻 IT – Fejlesztés (projekt, alvállalkozói) | B17: =ROUND('⚙️ BEÁLLÍTÁSOK'!B27*'⚙️ BEÁLLÍTÁSOK'!B41/'⚙️ BEÁLLÍTÁSOK'!B42/100,0)*100 -> 19000 | C17: =ROUND('⚙️ BEÁLLÍTÁSOK'!B27*'⚙️ BEÁLLÍTÁSOK'!B42/100,0)*100 -> 17600 | D17: =ROUND('⚙️ BEÁLLÍTÁSOK'!B27*'⚙️ BEÁLLÍTÁSOK'!B43/100,0)*100 -> 16300 | E17: =ROUND('⚙️ BEÁLLÍTÁSOK'!B27*'⚙️ BEÁLLÍTÁSOK'!B40/100,0)*100 -> 20200
A18: 📹 Biztonságtechnika – szerelő (projekt, alváll.) | B18: =ROUND('⚙️ BEÁLLÍTÁSOK'!B28*'⚙️ BEÁLLÍTÁSOK'!B41/'⚙️ BEÁLLÍTÁSOK'!B42/100,0)*100 -> 13600 | C18: =ROUND('⚙️ BEÁLLÍTÁSOK'!B28*'⚙️ BEÁLLÍTÁSOK'!B42/100,0)*100 -> 12600 | D18: =ROUND('⚙️ BEÁLLÍTÁSOK'!B28*'⚙️ BEÁLLÍTÁSOK'!B43/100,0)*100 -> 11700 | E18: =ROUND('⚙️ BEÁLLÍTÁSOK'!B28*'⚙️ BEÁLLÍTÁSOK'!B40/100,0)*100 -> 14500
A19: 📹 Biztonságtechnika – tervező / PM (projekt) | B19: =ROUND('⚙️ BEÁLLÍTÁSOK'!B29*'⚙️ BEÁLLÍTÁSOK'!B41/'⚙️ BEÁLLÍTÁSOK'!B42/100,0)*100 -> 15000 | C19: =ROUND('⚙️ BEÁLLÍTÁSOK'!B29*'⚙️ BEÁLLÍTÁSOK'!B42/100,0)*100 -> 13900 | D19: =ROUND('⚙️ BEÁLLÍTÁSOK'!B29*'⚙️ BEÁLLÍTÁSOK'!B43/100,0)*100 -> 12900 | E19: =ROUND('⚙️ BEÁLLÍTÁSOK'!B29*'⚙️ BEÁLLÍTÁSOK'!B40/100,0)*100 -> 16000
A20: 🔴 Tűzvédelem – szerelő (projekt, alváll.) | B20: =ROUND('⚙️ BEÁLLÍTÁSOK'!B30*'⚙️ BEÁLLÍTÁSOK'!B41/'⚙️ BEÁLLÍTÁSOK'!B42/100,0)*100 -> 12400 | C20: =ROUND('⚙️ BEÁLLÍTÁSOK'!B30*'⚙️ BEÁLLÍTÁSOK'!B42/100,0)*100 -> 11500 | D20: =ROUND('⚙️ BEÁLLÍTÁSOK'!B30*'⚙️ BEÁLLÍTÁSOK'!B43/100,0)*100 -> 10700 | E20: =ROUND('⚙️ BEÁLLÍTÁSOK'!B30*'⚙️ BEÁLLÍTÁSOK'!B40/100,0)*100 -> 13200
A21: 🔴 Tűzvédelem – tervező (projekt, alváll.) | B21: =ROUND('⚙️ BEÁLLÍTÁSOK'!B31*'⚙️ BEÁLLÍTÁSOK'!B41/'⚙️ BEÁLLÍTÁSOK'!B42/100,0)*100 -> 16400 | C21: =ROUND('⚙️ BEÁLLÍTÁSOK'!B31*'⚙️ BEÁLLÍTÁSOK'!B42/100,0)*100 -> 15200 | D21: =ROUND('⚙️ BEÁLLÍTÁSOK'!B31*'⚙️ BEÁLLÍTÁSOK'!B43/100,0)*100 -> 14100 | E21: =ROUND('⚙️ BEÁLLÍTÁSOK'!B31*'⚙️ BEÁLLÍTÁSOK'!B40/100,0)*100 -> 17400
A22: ⚡ Villanyszerelő (projekt, alvállalkozói) | B22: =ROUND('⚙️ BEÁLLÍTÁSOK'!B32*'⚙️ BEÁLLÍTÁSOK'!B41/'⚙️ BEÁLLÍTÁSOK'!B42/100,0)*100 -> 12000 | C22: =ROUND('⚙️ BEÁLLÍTÁSOK'!B32*'⚙️ BEÁLLÍTÁSOK'!B42/100,0)*100 -> 11100 | D22: =ROUND('⚙️ BEÁLLÍTÁSOK'!B32*'⚙️ BEÁLLÍTÁSOK'!B43/100,0)*100 -> 10300 | E22: =ROUND('⚙️ BEÁLLÍTÁSOK'!B32*'⚙️ BEÁLLÍTÁSOK'!B40/100,0)*100 -> 12800
A23: 📋 Projektmenedzsment / koordináció (alváll.) | B23: =ROUND('⚙️ BEÁLLÍTÁSOK'!B34*'⚙️ BEÁLLÍTÁSOK'!B41/'⚙️ BEÁLLÍTÁSOK'!B42/100,0)*100 -> 17000 | C23: =ROUND('⚙️ BEÁLLÍTÁSOK'!B34*'⚙️ BEÁLLÍTÁSOK'!B42/100,0)*100 -> 15700 | D23: =ROUND('⚙️ BEÁLLÍTÁSOK'!B34*'⚙️ BEÁLLÍTÁSOK'!B43/100,0)*100 -> 14600 | E23: =ROUND('⚙️ BEÁLLÍTÁSOK'!B34*'⚙️ BEÁLLÍTÁSOK'!B40/100,0)*100 -> 18100 | F23: Koordináció, átadás-átvétel, dokumentáció
A24: 🎓 Tanácsadás / audit / tréning (alváll.) | B24: =ROUND('⚙️ BEÁLLÍTÁSOK'!B35*'⚙️ BEÁLLÍTÁSOK'!B41/'⚙️ BEÁLLÍTÁSOK'!B42/100,0)*100 -> 23000 | C24: =ROUND('⚙️ BEÁLLÍTÁSOK'!B35*'⚙️ BEÁLLÍTÁSOK'!B42/100,0)*100 -> 21300 | D24: =ROUND('⚙️ BEÁLLÍTÁSOK'!B35*'⚙️ BEÁLLÍTÁSOK'!B43/100,0)*100 -> 19800 | E24: =ROUND('⚙️ BEÁLLÍTÁSOK'!B35*'⚙️ BEÁLLÍTÁSOK'!B40/100,0)*100 -> 24500 | F24: NIS2, tűzvédelem, IT bizt. tanácsadás
A26: ELSZÁMOLÁSI SZABÁLYOK: │ Minimális egység: 4 óra (napibéres: egész nap) │ Pótmunka: minden el nem tervezett feladat írásos befogadás után számolható │ Anyag mindig külön │ Fizetési feltétel: generálkivitelező fizetéséhez kötött (back-to-back)

Sheet 📅 SZERZ. SÁVOK
A1: 📅 SIROTECH – SZERZŐDÉSES IDŐ SÁVOK | MSP és havidíjas szolgáltatások | Nettó Ft/hó
A2: Az 1 éves szerz. = listaár (referencia). Havi/eseti = +15% rugalmassági felár. 2 éves = -7% kedvezmény. Kék cella = 1 éves alap ár (módosítható).
A3: Szolgáltatás | B3: Havi / eseti (Ft/hó) | C3: 6 hónapos szerz. (Ft/hó) | D3: 1 éves szerz. (Ft/hó) ALAP | E3: 2 éves szerz. (Ft/hó) | F3: Éves megtakarítás (2 év vs. havi) | G3: Felmondási feltételek
A4: Szorzók → | B4: ='⚙️ BEÁLLÍTÁSOK'!B40 -> 1.15 | C4: ='⚙️ BEÁLLÍTÁSOK'!B41 -> 1.08 | D4: ='⚙️ BEÁLLÍTÁSOK'!B42 -> 1 | E4: ='⚙️ BEÁLLÍTÁSOK'!B43 -> 0.93
A5: 🖥️ IT RENDSZERÜZEMELTETÉS
A6: Mikro csomag – 1–3 gép, remote | B6: =ROUND(D6*'⚙️ BEÁLLÍTÁSOK'!B40/100,0)*100 -> 27600 | C6: =ROUND(D6*'⚙️ BEÁLLÍTÁSOK'!B41/100,0)*100 -> 25900 | D6: 24000 | E6: =ROUND(D6*'⚙️ BEÁLLÍTÁSOK'!B43/100,0)*100 -> 22300 | F6: =ROUND((B6-E6)*12,0) -> 63600 | G6: 15 nap / 30 nap / 30 nap / 60 nap felmondás
A7: Alap csomag – 4–8 gép, remote | B7: =ROUND(D7*'⚙️ BEÁLLÍTÁSOK'!B40/100,0)*100 -> 59800 | C7: =ROUND(D7*'⚙️ BEÁLLÍTÁSOK'!B41/100,0)*100 -> 56200 | D7: 52000 | E7: =ROUND(D7*'⚙️ BEÁLLÍTÁSOK'!B43/100,0)*100 -> 48400 | F7: =ROUND((B7-E7)*12,0) -> 136800 | G7: Korai felbontás: maradék 50% / 30% / 25%
A8: Kis csomag – 9–15 gép, 1 kiszállás/hó | B8: =ROUND(D8*'⚙️ BEÁLLÍTÁSOK'!B40/100,0)*100 -> 112700 | C8: =ROUND(D8*'⚙️ BEÁLLÍTÁSOK'!B41/100,0)*100 -> 105800 | D8: 98000 | E8: =ROUND(D8*'⚙️ BEÁLLÍTÁSOK'!B43/100,0)*100 -> 91100 | F8: =ROUND((B8-E8)*12,0) -> 259200
A9: Közép csomag – 16–30 gép | B9: =ROUND(D9*'⚙️ BEÁLLÍTÁSOK'!B40/100,0)*100 -> 201200 | C9: =ROUND(D9*'⚙️ BEÁLLÍTÁSOK'!B41/100,0)*100 -> 189000 | D9: 175000 | E9: =ROUND(D9*'⚙️ BEÁLLÍTÁSOK'!B43/100,0)*100 -> 162800 | F9: =ROUND((B9-E9)*12,0) -> 460800
A10: Szerverszoba pótdíj | B10: =ROUND(D10*'⚙️ BEÁLLÍTÁSOK'!B40/100,0)*100 -> 28700 | C10: =ROUND(D10*'⚙️ BEÁLLÍTÁSOK'!B41/100,0)*100 -> 27000 | D10: 25000 | E10: =ROUND(D10*'⚙️ BEÁLLÍTÁSOK'!B43/100,0)*100 -> 23300 | F10: =ROUND((B10-E10)*12,0) -> 64800
A11: 🔒 NIS2 ÉS MEGFELELŐSÉG
A12: NIS2 folyamatos megfelelés felügyelet | B12: =ROUND(D12*'⚙️ BEÁLLÍTÁSOK'!B40/100,0)*100 -> 161000 | C12: =ROUND(D12*'⚙️ BEÁLLÍTÁSOK'!B41/100,0)*100 -> 151200 | D12: 140000 | E12: =ROUND(D12*'⚙️ BEÁLLÍTÁSOK'!B43/100,0)*100 -> 130200 | F12: =ROUND((B12-E12)*12,0) -> 369600 | G12: Áremelési záradék 2 éves szerz.-nél (KSH inf.)
A13: GDPR audit folyamatos felügyelet | B13: =ROUND(D13*'⚙️ BEÁLLÍTÁSOK'!B40/100,0)*100 -> 51700 | C13: =ROUND(D13*'⚙️ BEÁLLÍTÁSOK'!B41/100,0)*100 -> 48600 | D13: 45000 | E13: =ROUND(D13*'⚙️ BEÁLLÍTÁSOK'!B43/100,0)*100 -> 41900 | F13: =ROUND((B13-E13)*12,0) -> 117600
A14: 📹 BIZTONSÁGTECHNIKA – KARBANTARTÁS
A15: Kamerarendszer folyamatos felügyelet | B15: =ROUND(D15*'⚙️ BEÁLLÍTÁSOK'!B40/100,0)*100 -> 16100 | C15: =ROUND(D15*'⚙️ BEÁLLÍTÁSOK'!B41/100,0)*100 -> 15100 | D15: 14000 | E15: =ROUND(D15*'⚙️ BEÁLLÍTÁSOK'!B43/100,0)*100 -> 13000 | F15: =ROUND((B15-E15)*12,0) -> 37200 | G15: Negyedéves helyszíni kiszállás
A16: Riasztó folyamatos karbantartás | B16: =ROUND(D16*'⚙️ BEÁLLÍTÁSOK'!B40/100,0)*100 -> 12600 | C16: =ROUND(D16*'⚙️ BEÁLLÍTÁSOK'!B41/100,0)*100 -> 11900 | D16: 11000 | E16: =ROUND(D16*'⚙️ BEÁLLÍTÁSOK'!B43/100,0)*100 -> 10200 | F16: =ROUND((B16-E16)*12,0) -> 28800
A17: Tűzjelző folyamatos karbantartás + monitor | B17: =ROUND(D17*'⚙️ BEÁLLÍTÁSOK'!B40/100,0)*100 -> 25300 | C17: =ROUND(D17*'⚙️ BEÁLLÍTÁSOK'!B41/100,0)*100 -> 23800 | D17: 22000 | E17: =ROUND(D17*'⚙️ BEÁLLÍTÁSOK'!B43/100,0)*100 -> 20500 | F17: =ROUND((B17-E17)*12,0) -> 57600
A18: 💻 WEBOLDAL ÉS RENDSZER
A19: Weboldal karbantartás (frissítés + support) | B19: =ROUND(D19*'⚙️ BEÁLLÍTÁSOK'!B40/100,0)*100 -> 20700 | C19: =ROUND(D19*'⚙️ BEÁLLÍTÁSOK'!B41/100,0)*100 -> 19400 | D19: 18000 | E19: =ROUND(D19*'⚙️ BEÁLLÍTÁSOK'!B43/100,0)*100 -> 16700 | F19: =ROUND((B19-E19)*12,0) -> 48000
A20: Weboldal + hosting + SSL csomag | B20: =ROUND(D20*'⚙️ BEÁLLÍTÁSOK'!B40/100,0)*100 -> 29900 | C20: =ROUND(D20*'⚙️ BEÁLLÍTÁSOK'!B41/100,0)*100 -> 28100 | D20: 26000 | E20: =ROUND(D20*'⚙️ BEÁLLÍTÁSOK'!B43/100,0)*100 -> 24200 | F20: =ROUND((B20-E20)*12,0) -> 68400
A21: 📋 PROJEKT MEGBÍZOTTI / PM RETAINER
A22: PM retainer – havi jelenlét (8 óra keret) | B22: =ROUND(D22*'⚙️ BEÁLLÍTÁSOK'!B40/100,0)*100 -> 124200 | C22: =ROUND(D22*'⚙️ BEÁLLÍTÁSOK'!B41/100,0)*100 -> 116600 | D22: 108000 | E22: =ROUND(D22*'⚙️ BEÁLLÍTÁSOK'!B43/100,0)*100 -> 100400 | F22: =ROUND((B22-E22)*12,0) -> 285600 | G22: Túllépés: PM óradíjon elszámolva
A23: PM retainer – emelt (20 óra keret) | B23: =ROUND(D23*'⚙️ BEÁLLÍTÁSOK'!B40/100,0)*100 -> 270300 | C23: =ROUND(D23*'⚙️ BEÁLLÍTÁSOK'!B41/100,0)*100 -> 253800 | D23: 235000 | E23: =ROUND(D23*'⚙️ BEÁLLÍTÁSOK'!B43/100,0)*100 -> 218600 | F23: =ROUND((B23-E23)*12,0) -> 620400
A25: FELMONDÁSI FELTÉTELEK ÉS KÖTBÉR SZABÁLYOK
A26: Szerz. típus | B26: Felmondási idő | C26: Idő előtti felbontás | D26: Áremelési jog | E26: Indexálás
A27: Havi / eseti | B27: 15 napos | C27: Nincs kötbér | D27: Nincs | E27: Nincs
A28: 6 hónapos | B28: 30 napos | C28: Maradék 50%-a kötbérként | D28: Nincs | E28: Nincs
A29: 1 éves | B29: 30 napos | C29: Maradék 30%-a kötbérként | D29: Nem automatikus | E29: Max 5%/év, előzetes értesítéssel
A30: 2 éves | B30: 60 napos | C30: Maradék 25%-a kötbérként + éves felülvizsgálati pont | D30: KSH infláció mértékéig egyoldalúan | E30: Kötelező 2. évre

Sheet 🧮 KALKULÁTOR
A1: 🧮 SIROTECH – AJÁNLAT KALKULÁTOR | Töltsd ki a kék cellákat → automatikus számítás
A2: Overhead (rezsi + háttér bérek) a Beállítások lapon van beépítve. Anyagköltséget add hozzá külön. Sürgősségi szorzót alkalmaz automatikusan.
A4: ÜGYFÉL ADATOK – Az ajánlat alapadatai
A5: Ügyfél neve / cégnév
A6: Ügyfél típusa | B6: KKV
A7: Szerz. időtartam | B7: 1 év
A8: Kapcsolattartó neve
A9: Ajánlat dátuma
A10: Ajánlat érvényessége (napokban) | B10: 30
A12: ÁRKALKULÁCIÓ BEÁLLÍTÁSOK
A13: Ügyfél szorzó (Beállítások lapról) | B13: 1 | C13: ← Beállítások lap B39–B47 szorzói közül válaszd ki
A14: Sürgősségi szorzó (ha nem sürgős: 1,00) | B14: 1 | C14: 1,30 / 1,50 / 1,75 / 2,00 – lásd Beállítások lap
A16: TÉTELEK
A17: Tétel / Szolgáltatás leírása | B17: Egység | C17: Menny. | D17: Belső egységár (Ft) | E17: Szorzók (auto) | F17: Ajánlati egységár (Ft)
E18: =$B$13*$B$14 -> 1 | F18: =IF(OR(D18="",C18=""),"",ROUND(C18*D18*E18/100,0)*100)
E19: =$B$13*$B$14 -> 1 | F19: =IF(OR(D19="",C19=""),"",ROUND(C19*D19*E19/100,0)*100)
E20: =$B$13*$B$14 -> 1 | F20: =IF(OR(D20="",C20=""),"",ROUND(C20*D20*E20/100,0)*100)
E21: =$B$13*$B$14 -> 1 | F21: =IF(OR(D21="",C21=""),"",ROUND(C21*D21*E21/100,0)*100)
E22: =$B$13*$B$14 -> 1 | F22: =IF(OR(D22="",C22=""),"",ROUND(C22*D22*E22/100,0)*100)
E23: =$B$13*$B$14 -> 1 | F23: =IF(OR(D23="",C23=""),"",ROUND(C23*D23*E23/100,0)*100)
E24: =$B$13*$B$14 -> 1 | F24: =IF(OR(D24="",C24=""),"",ROUND(C24*D24*E24/100,0)*100)
E25: =$B$13*$B$14 -> 1 | F25: =IF(OR(D25="",C25=""),"",ROUND(C25*D25*E25/100,0)*100)
E26: =$B$13*$B$14 -> 1 | F26: =IF(OR(D26="",C26=""),"",ROUND(C26*D26*E26/100,0)*100)
E27: =$B$13*$B$14 -> 1 | F27: =IF(OR(D27="",C27=""),"",ROUND(C27*D27*E27/100,0)*100)
E28: =$B$13*$B$14 -> 1 | F28: =IF(OR(D28="",C28=""),"",ROUND(C28*D28*E28/100,0)*100)
E29: =$B$13*$B$14 -> 1 | F29: =IF(OR(D29="",C29=""),"",ROUND(C29*D29*E29/100,0)*100)
... E42: =$B$13*$B$14 -> 1 | F42: =IF(OR(D42="",C42=""),"",ROUND(C42*D42*E42/100,0)*100)
A45: Részösszeg (munkadíj nettó) | F45: =SUMIF(F18:F43,">0") -> 0
A46: Anyagköltség nettó (kézzel add meg)
A47: Anyagkezelési pótlék (eseti: 12%) | F47: =IF(B46="","",ROUND(B46*'⚙️ BEÁLLÍTÁSOK'!B50,0))
A48: NETTÓ ÖSSZESEN | F48: =B45+IF(B46="",0,B46)+IF(B47="",0,B47) -> 0
A49: ÁFA (27%) | F49: =IF(B48="","",ROUND(B48*'⚙️ BEÁLLÍTÁSOK'!B62,0))
A50: BRUTTÓ VÉGÖSSZEG | F50: =IF(B48="","",B48+B49)
